County,State,Latitude - County,Longitude - County
York,VA,37.2317,-76.5476
Wythe,VA,36.9145,-81.0571
Wise,VA,37.0011,-82.6307
Westmoreland,VA,38.122,-76.9656
Washington,VA,36.7615,-81.9556
Warren,VA,38.8968,-78.1977
Virginia Beach city,VA,36.7411,-76.0335
Tazewell,VA,37.1358,-81.6058
Sussex,VA,36.9125,-77.2851
Surry,VA,37.0936,-76.8952
Suffolk city,VA,36.7317,-76.6221
Stafford,VA,38.4174,-77.4766
Spotsylvania,VA,38.1861,-77.6566
Southampton,VA,36.7705,-77.0963
Smyth,VA,36.823,-81.5102
Shenandoah,VA,38.8538,-78.5869
Scott,VA,36.7396,-82.5828
Russell,VA,36.9262,-82.0747
Rockingham,VA,38.5292,-78.9401
Rockbridge,VA,37.8101,-79.4404
Roanoke,VA,37.2655,-80.1509
Richmond,VA,37.9603,-76.7345
Rappahannock,VA,38.6922,-78.1291
Pulaski,VA,37.0622,-80.7281
Prince William,VA,38.7221,-77.4444
Prince George,VA,37.1589,-77.2486
Prince Edward,VA,37.2386,-78.4589
Powhatan,VA,37.5527,-77.8872
Pittsylvania,VA,36.8385,-79.3957
Patrick,VA,36.7075,-80.274
Page,VA,38.6265,-78.4806
Orange,VA,38.2553,-77.9908
Nottoway,VA,37.1384,-78.0695
Northumberland,VA,37.8565,-76.4533
Northampton,VA,37.336,-75.9575
Newport News city,VA,37.0899,-76.4907
New Kent,VA,37.5016,-76.9992
Nelson,VA,37.7921,-78.9043
Montgomery,VA,37.1748,-80.3743
Middlesex,VA,37.6405,-76.6329
Mecklenburg,VA,36.7165,-78.3332
Mathews,VA,37.4196,-76.2904
Madison,VA,38.429,-78.2789
Lunenburg,VA,36.9432,-78.2456
Louisa,VA,37.941,-77.934
Loudoun,VA,39.0858,-77.6642
Lee,VA,36.7435,-82.9795
Lancaster,VA,37.7254,-76.4625
King William,VA,37.7166,-77.1211
King George,VA,38.2712,-77.1806
King And Queen,VA,37.7066,-76.8602
James City,VA,37.3128,-76.8041
Isle Of Wight,VA,36.8934,-76.6913
Highland,VA,38.3866,-79.5178
Henry,VA,36.6989,-79.9864
Henrico,VA,37.5317,-77.3031
Hanover,VA,37.7717,-77.5521
Hampton city,VA,37.0509,-76.407
Halifax,VA,36.803,-78.9171
Greensville,VA,36.7217,-77.5729
Greene,VA,38.3303,-78.4797
Grayson,VA,36.6833,-81.2368
Goochland,VA,37.7345,-77.9668
Gloucester,VA,37.4244,-76.5714
Giles,VA,37.3145,-80.668
Frederick,VA,39.2372,-78.2234
Franklin,VA,37.0076,-79.8606
Fluvanna,VA,37.8456,-78.2738
Floyd,VA,36.9111,-80.4084
Fauquier,VA,38.7121,-77.8162
Fairfax,VA,38.8316,-77.3234
Essex,VA,37.9457,-76.9732
Dinwiddie,VA,37.0729,-77.6462
Dickenson,VA,37.1314,-82.361
Cumberland,VA,37.526,-78.2218
Culpeper,VA,38.5056,-78.0018
Craig,VA,37.4878,-80.1897
Clarke,VA,39.1225,-77.9705
Chesterfield,VA,37.3899,-77.6298
Chesapeake city,VA,36.7083,-76.2763
Charlotte,VA,36.9742,-78.6045
Charles City,VA,37.3618,-77.0793
Carroll,VA,36.7464,-80.7437
Caroline,VA,38.0149,-77.3703
Campbell,VA,37.2284,-79.0965
Buckingham,VA,37.5633,-78.5588
Buchanan,VA,37.2884,-82.0618
Brunswick,VA,36.7851,-77.8417
Botetourt,VA,37.5543,-79.7551
Bland,VA,37.1272,-81.0776
Bedford,VA,37.3125,-79.5652
Bath,VA,38.0555,-79.7352
Augusta,VA,38.1803,-79.3064
Appomattox,VA,37.3799,-78.7934
Amherst,VA,37.6,-79.1631
Amelia,VA,37.3461,-78.0427
Alleghany,VA,37.7788,-80.1069
Albemarle,VA,38.0006,-78.5618
Accomack,VA,37.7449,-75.6727
Wilson,TN,36.153,-86.3215
Williamson,TN,35.8732,-86.9151
White,TN,35.9357,-85.4543
Weakley,TN,36.2879,-88.74
Wayne,TN,35.2527,-87.7805
Washington,TN,36.2721,-82.4879
Warren,TN,35.6737,-85.7944
Van Buren,TN,35.6687,-85.4578
Union,TN,36.2996,-83.8313
Unicoi,TN,36.1074,-82.474
Trousdale,TN,36.3909,-86.1402
Tipton,TN,35.5119,-89.7605
Sumner,TN,36.4488,-86.4726
Sullivan,TN,36.5041,-82.3115
Stewart,TN,36.5021,-87.8332
Smith,TN,36.2544,-85.9737
Shelby,TN,35.2037,-89.8653
Sevier,TN,35.8034,-83.5126
Sequatchie,TN,35.358,-85.3691
Scott,TN,36.3837,-84.5112
Rutherford,TN,35.8599,-86.3934
Robertson,TN,36.5003,-86.8818
Roane,TN,35.8471,-84.5457
Rhea,TN,35.6177,-84.9146
Putnam,TN,36.1421,-85.458
Polk,TN,35.1357,-84.511
Pickett,TN,36.5158,-85.1514
Perry,TN,35.6326,-87.8588
Overton,TN,36.3423,-85.3089
Obion,TN,36.3627,-89.1733
Morgan,TN,36.1431,-84.6653
Moore,TN,35.2676,-86.3609
Montgomery,TN,36.477,-87.37
Monroe,TN,35.4386,-84.2156
Meigs,TN,35.5206,-84.8014
McNairy,TN,35.1939,-88.5778
McMinn,TN,35.4432,-84.6183
Maury,TN,35.6297,-87.0804
Marshall,TN,35.484,-86.778
Marion,TN,35.1518,-85.6252
Madison,TN,35.6097,-88.8422
Macon,TN,36.5267,-86.0142
Loudon,TN,35.7566,-84.2886
Lincoln,TN,35.1805,-86.6012
Lewis,TN,35.5284,-87.4866
Lawrence,TN,35.2321,-87.3986
Lauderdale,TN,35.7431,-89.649
Lake,TN,36.3439,-89.4636
Knox,TN,35.9904,-83.8971
Johnson,TN,36.4379,-81.852
Jefferson,TN,36.0438,-83.4658
Jackson,TN,36.3639,-85.6655
Humphreys,TN,36.0246,-87.7738
Houston,TN,36.2734,-87.7325
Hickman,TN,35.8058,-87.4715
Henry,TN,36.3112,-88.3117
Henderson,TN,35.6209,-88.4005
Haywood,TN,35.6097,-89.2708
Hawkins,TN,36.4187,-82.9469
Hardin,TN,35.2025,-88.1772
Hardeman,TN,35.2109,-88.9869
Hancock,TN,36.4929,-83.2626
Hamilton,TN,35.2216,-85.1533
Hamblen,TN,36.2136,-83.2706
Grundy,TN,35.3737,-85.6861
Greene,TN,36.171,-82.9074
Grainger,TN,36.2508,-83.5495
Giles,TN,35.2244,-87.0214
Gibson,TN,36.0073,-88.9462
Franklin,TN,35.1755,-86.0823
Fentress,TN,36.3575,-84.9266
Fayette,TN,35.2022,-89.4141
Dyer,TN,36.0492,-89.4236
Dickson,TN,36.1462,-87.3611
DeKalb,TN,35.977,-85.8391
Decatur,TN,35.6152,-88.1124
Davidson,TN,36.1844,-86.7808
Cumberland,TN,35.9474,-84.9777
Crockett,TN,35.8359,-89.1825
Coffee,TN,35.4971,-86.0606
Cocke,TN,35.9497,-83.0951
Clay,TN,36.5157,-85.5343
Claiborne,TN,36.4668,-83.6559
Chester,TN,35.4232,-88.6014
Cheatham,TN,36.2485,-87.0841
Carter,TN,36.3073,-82.1558
Carroll,TN,35.9663,-88.4557
Cannon,TN,35.8086,-86.0519
Campbell,TN,36.3853,-84.1333
Bradley,TN,35.1731,-84.8524
Blount,TN,35.6773,-83.9095
Bledsoe,TN,35.5632,-85.2671
Benton,TN,36.0868,-88.0829
Bedford,TN,35.5134,-86.4509
Anderson,TN,36.1062,-84.2281
York,SC,34.9926,-81.1884
Williamsburg,SC,33.598,-79.7441
Union,SC,34.6789,-81.6396
Sumter,SC,33.9067,-80.3414
Spartanburg,SC,34.8864,-81.9815
Saluda,SC,34.0012,-81.7467
Richland,SC,34.0064,-80.8509
Pickens,SC,34.8536,-82.6924
Orangeburg,SC,33.4424,-80.8092
Oconee,SC,34.7647,-83.1063
Newberry,SC,34.3026,-81.6234
McCormick,SC,33.8361,-82.2353
Marlboro,SC,34.5517,-79.6565
Marion,SC,33.998,-79.4223
Lexington,SC,33.9239,-81.2837
Lee,SC,34.1603,-80.3186
Laurens,SC,34.4974,-81.982
Lancaster,SC,34.7677,-80.695
Kershaw,SC,34.3432,-80.5564
Jasper,SC,32.3944,-81.0109
Horry,SC,33.9375,-78.9789
Hampton,SC,32.789,-81.1028
Greenwood,SC,34.1825,-82.0799
Greenville,SC,34.8506,-82.3557
Georgetown,SC,33.449,-79.3455
Florence,SC,34.0421,-79.7528
Fairfield,SC,34.3737,-81.0779
Edgefield,SC,33.7548,-81.9474
Dorchester,SC,33.0758,-80.424
Dillon,SC,34.4306,-79.3928
Darlington,SC,34.3107,-79.913
Colleton,SC,32.8261,-80.6509
Clarendon,SC,33.6886,-80.2465
Chesterfield,SC,34.5923,-80.096
Chester,SC,34.682,-81.1658
Cherokee,SC,35.0121,-81.6338
Charleston,SC,32.7585,-80.1952
Calhoun,SC,33.6735,-80.7857
Berkeley,SC,33.1639,-79.9106
Beaufort,SC,32.4803,-80.6733
Barnwell,SC,33.2872,-81.4301
Bamberg,SC,33.2334,-81.0342
Anderson,SC,34.5146,-82.6588
Allendale,SC,32.9515,-81.3641
Aiken,SC,33.5377,-81.6614
Abbeville,SC,34.2476,-82.474
Yancey,NC,35.8917,-82.2975
Yadkin,NC,36.1664,-80.657
Wilson,NC,35.7201,-77.9431
Wilkes,NC,36.2151,-81.1701
Wayne,NC,35.3725,-77.9812
Watauga,NC,36.2514,-81.7044
Washington,NC,35.8405,-76.5773
Warren,NC,36.3734,-78.1029
Wake,NC,35.798,-78.6094
Vance,NC,36.3447,-78.3979
Union,NC,35.0113,-80.5626
Tyrrell,NC,35.7969,-76.2575
Transylvania,NC,35.2253,-82.7697
Swain,NC,35.4872,-83.5969
Surry,NC,36.4,-80.7065
Stokes,NC,36.409,-80.2393
Stanly,NC,35.323,-80.2478
Scotland,NC,34.8371,-79.484
Sampson,NC,34.9352,-78.3612
Rutherford,NC,35.3967,-81.9147
Rowan,NC,35.6834,-80.5507
Rockingham,NC,36.3943,-79.7777
Robeson,NC,34.6272,-79.1436
Richmond,NC,34.9947,-79.7277
Randolph,NC,35.7161,-79.8027
Polk,NC,35.2971,-82.1763
Pitt,NC,35.5808,-77.3685
Person,NC,36.3907,-78.9725
Perquimans,NC,36.2279,-76.4477
Pender,NC,34.5169,-77.9241
Pasquotank,NC,36.3172,-76.3078
Pamlico,NC,35.1476,-76.8618
Orange,NC,36.0541,-79.1222
Onslow,NC,34.7213,-77.2486
Northampton,NC,36.3559,-77.3693
New Hanover,NC,34.159,-77.8974
Nash,NC,35.9636,-77.977
Moore,NC,35.2784,-79.4623
Montgomery,NC,35.3237,-79.8985
Mitchell,NC,35.9917,-82.1267
Mecklenburg,NC,35.2586,-80.831
McDowell,NC,35.7389,-82.0433
Martin,NC,35.8669,-77.195
Madison,NC,35.8721,-82.6653
Macon,NC,35.1625,-83.4796
Lincoln,NC,35.485,-81.2181
Lenoir,NC,35.2179,-77.6761
Lee,NC,35.4674,-79.1892
Jones,NC,35.0101,-77.4145
Johnston,NC,35.5376,-78.3875
Jackson,NC,35.2632,-83.1162
Iredell,NC,35.7741,-80.9217
Hyde,NC,35.5164,-76.2309
Hoke,NC,35.0238,-79.2598
Hertford,NC,36.3931,-77.031
Henderson,NC,35.3228,-82.4741
Haywood,NC,35.5419,-82.9658
Harnett,NC,35.3877,-78.839
Halifax,NC,36.2584,-77.6848
Guilford,NC,36.0738,-79.7901
Greene,NC,35.4999,-77.6675
Granville,NC,36.2968,-78.6558
Graham,NC,35.342,-83.8333
Gates,NC,36.4284,-76.7105
Gaston,NC,35.2834,-81.1822
Franklin,NC,36.0416,-78.3303
Forsyth,NC,36.1176,-80.2522
Edgecombe,NC,35.9136,-77.578
Durham,NC,36.0511,-78.8681
Duplin,NC,34.951,-77.9078
Davie,NC,35.9021,-80.5375
Davidson,NC,35.7656,-80.2531
Dare,NC,35.7741,-75.8627
Currituck,NC,36.3115,-75.9312
Cumberland,NC,35.051,-78.8717
Craven,NC,35.2382,-77.1841
Columbus,NC,34.215,-78.6198
Cleveland,NC,35.3743,-81.5594
Clay,NC,35.0738,-83.7498
Chowan,NC,36.1793,-76.6506
Cherokee,NC,35.1398,-84.0769
Chatham,NC,35.678,-79.2599
Catawba,NC,35.6888,-81.2042
Caswell,NC,36.3928,-79.3352
Carteret,NC,34.8384,-76.6488
Camden,NC,36.3576,-76.171
Caldwell,NC,35.9399,-81.5596
Cabarrus,NC,35.3455,-80.5464
Burke,NC,35.7795,-81.7535
Buncombe,NC,35.6207,-82.5391
Brunswick,NC,34.1198,-78.2512
Bladen,NC,34.6121,-78.5716
Bertie,NC,36.03,-76.985
Beaufort,NC,35.4781,-76.6975
Avery,NC,36.0994,-81.9277
Ashe,NC,36.4146,-81.4996
Anson,NC,35.0087,-80.0992
Alleghany,NC,36.4705,-81.1261
Alexander,NC,35.9161,-81.181
Alamance,NC,36.0473,-79.4006
Yazoo,MS,32.7632,-90.36
Yalobusha,MS,34.0297,-89.7169
Winston,MS,33.105,-89.0658
Wilkinson,MS,31.1872,-91.3242
Webster,MS,33.609,-89.2626
Wayne,MS,31.6674,-88.7028
Washington,MS,33.2697,-90.8805
Warren,MS,32.349,-90.7914
Walthall,MS,31.1785,-90.1462
Union,MS,34.4823,-89.0178
Tunica,MS,34.6582,-90.3483
Tishomingo,MS,34.7299,-88.2243
Tippah,MS,34.802,-88.9206
Tate,MS,34.6634,-89.9441
Tallahatchie,MS,33.9322,-90.1881
Sunflower,MS,33.6292,-90.5554
Stone,MS,30.785,-89.113
Smith,MS,32.0031,-89.4883
Simpson,MS,31.9015,-89.9078
Sharkey,MS,32.8801,-90.8212
Scott,MS,32.4277,-89.5348
Rankin,MS,32.3185,-89.9417
Quitman,MS,34.2959,-90.2919
Prentiss,MS,34.6107,-88.5242
Pontotoc,MS,34.2247,-89.0355
Pike,MS,31.175,-90.4044
Perry,MS,31.1715,-88.9932
Pearl River,MS,30.7369,-89.5804
Panola,MS,34.3561,-89.9593
Oktibbeha,MS,33.4203,-88.8794
Noxubee,MS,33.1131,-88.5698
Newton,MS,32.4054,-89.1188
Neshoba,MS,32.7549,-89.1169
Montgomery,MS,33.4834,-89.6459
Monroe,MS,33.8726,-88.476
Marshall,MS,34.7467,-89.5112
Marion,MS,31.2157,-89.8428
Madison,MS,32.6428,-90.0085
Lowndes,MS,33.5167,-88.4303
Lincoln,MS,31.5277,-90.4389
Leflore,MS,33.5228,-90.2772
Lee,MS,34.2851,-88.685
Leake,MS,32.7544,-89.5243
Lawrence,MS,31.5426,-90.1104
Lauderdale,MS,32.3986,-88.6626
Lamar,MS,31.2074,-89.5011
Lafayette,MS,34.3592,-89.4837
Kemper,MS,32.7519,-88.6416
Jones,MS,31.6287,-89.1716
Jefferson Davis,MS,31.5824,-89.8394
Jefferson,MS,31.7339,-91.025
Jasper,MS,32.0105,-89.1173
Jackson,MS,30.5287,-88.6434
Itawamba,MS,34.2716,-88.3623
Issaquena,MS,32.7115,-91.0113
Humphreys,MS,33.1263,-90.5253
Holmes,MS,33.1279,-90.0729
Hinds,MS,32.3116,-90.4249
Harrison,MS,30.4902,-89.1126
Hancock,MS,30.4115,-89.5108
Grenada,MS,33.7834,-89.8219
Greene,MS,31.2173,-88.6393
George,MS,30.8709,-88.652
Franklin,MS,31.4651,-90.8943
Forrest,MS,31.1689,-89.2472
DeSoto,MS,34.8543,-89.963
Covington,MS,31.6192,-89.578
Copiah,MS,31.8678,-90.4268
Coahoma,MS,34.2547,-90.6431
Clay,MS,33.6599,-88.7739
Clarke,MS,32.0179,-88.6852
Claiborne,MS,32.0085,-90.8996
Choctaw,MS,33.3084,-89.2711
Chickasaw,MS,33.9062,-88.929
Carroll,MS,33.4438,-89.9616
Calhoun,MS,33.9406,-89.3227
Bolivar,MS,33.8258,-90.8562
Benton,MS,34.786,-89.1937
Attala,MS,33.0829,-89.5725
Amite,MS,31.1758,-90.804
Alcorn,MS,34.8815,-88.5944
Adams,MS,31.4734,-91.3366
Wright,MO,37.2725,-92.4725
Worth,MO,40.4778,-94.4318
Webster,MO,37.2756,-92.8844
Wayne,MO,37.1184,-90.5006
Washington,MO,37.9701,-90.868
Warren,MO,38.7692,-91.1898
Vernon,MO,37.8515,-94.3425
Texas,MO,37.3295,-91.9496
Taney,MO,36.6632,-93.0397
Sullivan,MO,40.2195,-93.1111
Stone,MO,36.7415,-93.4417
Stoddard,MO,36.8776,-89.9732
Ste. Genevieve,MO,37.8995,-90.1973
St. Louis,MO,38.6443,-90.5089
St. Francois,MO,37.86,-90.5396
St. Clair,MO,38.0293,-93.7825
St. Charles,MO,38.7506,-90.7313
Shelby,MO,39.7834,-92.0688
Shannon,MO,37.1531,-91.3443
Scott,MO,37.0569,-89.5778
Scotland,MO,40.4469,-92.1481
Schuyler,MO,40.4709,-92.5271
Saline,MO,39.1699,-93.1932
Ripley,MO,36.663,-90.8575
Reynolds,MO,37.3418,-90.9633
Ray,MO,39.3318,-93.9855
Randolph,MO,39.4287,-92.5051
Ralls,MO,39.5072,-91.5365
Putnam,MO,40.4661,-93.0345
Pulaski,MO,37.8222,-92.2172
Polk,MO,37.623,-93.3955
Platte,MO,39.3441,-94.7555
Pike,MO,39.3683,-91.1708
Phelps,MO,37.8779,-91.7751
Pettis,MO,38.7213,-93.2813
Perry,MO,37.7345,-89.8308
Pemiscot,MO,36.2112,-89.8163
Ozark,MO,36.6527,-92.4424
Osage,MO,38.4977,-91.8255
Oregon,MO,36.6933,-91.3993
Nodaway,MO,40.3528,-94.8889
Newton,MO,36.9,-94.3411
New Madrid,MO,36.6039,-89.6708
Morgan,MO,38.4384,-92.852
Montgomery,MO,38.9155,-91.4522
Monroe,MO,39.5012,-92.0092
Moniteau,MO,38.672,-92.6281
Mississippi,MO,36.82,-89.3309
Miller,MO,38.2239,-92.4463
Mercer,MO,40.4226,-93.5657
McDonald,MO,36.6379,-94.3448
Marion,MO,39.8028,-91.607
Maries,MO,38.1513,-91.9061
Madison,MO,37.4749,-90.3456
Macon,MO,39.8195,-92.5733
Livingston,MO,39.7889,-93.5615
Linn,MO,39.8713,-93.1084
Lincoln,MO,39.0483,-90.9874
Lewis,MO,40.1015,-91.7271
Lawrence,MO,37.1077,-93.8331
Lafayette,MO,39.1019,-93.7971
Laclede,MO,37.6879,-92.5972
Knox,MO,40.1321,-92.1478
Johnson,MO,38.7483,-93.8131
Jefferson,MO,38.2529,-90.5695
Jasper,MO,37.2065,-94.3365
Jackson,MO,39.039,-94.3583
Iron,MO,37.5072,-90.6587
Howell,MO,36.7824,-91.8936
Howard,MO,39.1583,-92.6917
Holt,MO,40.0637,-95.2324
Hickory,MO,37.9393,-93.2909
Henry,MO,38.3849,-93.7916
Harrison,MO,40.3566,-93.9891
Grundy,MO,40.1149,-93.5655
Greene,MO,37.2588,-93.3336
Gentry,MO,40.2114,-94.4104
Gasconade,MO,38.4294,-91.5057
Franklin,MO,38.4568,-91.052
Dunklin,MO,36.3139,-90.0156
Douglas,MO,36.9281,-92.4991
Dent,MO,37.6036,-91.4819
DeKalb,MO,39.8962,-94.4047
Daviess,MO,39.9617,-93.9832
Dallas,MO,37.6614,-93.012
Dade,MO,37.4384,-93.85
Crawford,MO,37.9553,-91.3106
Cooper,MO,38.8709,-92.7894
Cole,MO,38.5307,-92.2447
Clinton,MO,39.6007,-94.4041
Clay,MO,39.2858,-94.4063
Clark,MO,40.4319,-91.7323
Christian,MO,36.955,-93.122
Chariton,MO,39.4648,-92.9621
Cedar,MO,37.7342,-93.8397
Cass,MO,38.6442,-94.364
Carter,MO,36.9581,-90.9582
Carroll,MO,39.4112,-93.4723
Cape Girardeau,MO,37.3671,-89.644
Camden,MO,38.0296,-92.7914
Callaway,MO,38.8109,-91.8934
Caldwell,MO,39.6568,-93.9822
Butler,MO,36.7128,-90.3906
Buchanan,MO,39.6759,-94.8051
Boone,MO,38.9469,-92.3414
Bollinger,MO,37.3278,-90.0044
Benton,MO,38.2997,-93.2977
Bates,MO,38.2475,-94.3433
Barton,MO,37.502,-94.3471
Barry,MO,36.7224,-93.8227
Audrain,MO,39.202,-91.7624
Atchison,MO,40.4232,-95.4182
Andrew,MO,39.9749,-94.8019
Adair,MO,40.1904,-92.6009
Woodford,KY,38.0212,-84.7437
Wolfe,KY,37.7403,-83.489
Whitley,KY,36.7804,-84.1636
Webster,KY,37.4948,-87.7015
Wayne,KY,36.8007,-84.8154
Washington,KY,37.7743,-85.1824
Warren,KY,36.9834,-86.4059
Union,KY,37.6855,-87.9466
Trimble,KY,38.6152,-85.333
Trigg,KY,36.8204,-87.9047
Todd,KY,36.8587,-87.1772
Taylor,KY,37.338,-85.3025
Spencer,KY,38.0446,-85.3081
Simpson,KY,36.7631,-86.5716
Shelby,KY,38.1963,-85.2104
Scott,KY,38.3021,-84.5863
Russell,KY,37.0073,-85.0286
Rowan,KY,38.207,-83.4425
Rockcastle,KY,37.3462,-84.3152
Robertson,KY,38.5144,-84.0653
Pulaski,KY,37.1116,-84.5965
Powell,KY,37.8252,-83.7968
Pike,KY,37.471,-82.3248
Perry,KY,37.2181,-83.1793
Pendleton,KY,38.6954,-84.3654
Owsley,KY,37.399,-83.6845
Owen,KY,38.5319,-84.8467
Oldham,KY,38.4048,-85.4772
Ohio,KY,37.4755,-86.8745
Nicholas,KY,38.3265,-83.9972
Nelson,KY,37.7582,-85.5289
Muhlenberg,KY,37.2285,-87.1373
Morgan,KY,37.9136,-83.2228
Montgomery,KY,38.0463,-83.92
Monroe,KY,36.7285,-85.7189
Metcalfe,KY,37.0023,-85.6238
Mercer,KY,37.8246,-84.8676
Menifee,KY,37.9388,-83.6113
Meade,KY,37.9991,-86.2525
McLean,KY,37.5321,-87.2117
McCreary,KY,36.7781,-84.4911
McCracken,KY,37.0851,-88.7237
Mason,KY,38.6145,-83.8041
Martin,KY,37.8157,-82.526
Marshall,KY,36.9053,-88.3329
Marion,KY,37.5778,-85.2723
Magoffin,KY,37.6908,-83.0969
Madison,KY,37.7168,-84.291
Lyon,KY,37.0257,-88.0819
Logan,KY,36.8586,-86.8644
Livingston,KY,37.2032,-88.3267
Lincoln,KY,37.4428,-84.6585
Lewis,KY,38.5222,-83.3941
Letcher,KY,37.1142,-82.8932
Leslie,KY,37.1023,-83.3517
Lee,KY,37.6037,-83.7001
Lawrence,KY,38.0749,-82.7514
Laurel,KY,37.1377,-84.1151
Larue,KY,37.5774,-85.7119
Knox,KY,36.8716,-83.8549
Knott,KY,37.3502,-82.9377
Kenton,KY,38.9462,-84.535
Johnson,KY,37.8526,-82.8331
Jessamine,KY,37.866,-84.572
Jefferson,KY,38.1944,-85.6526
Jackson,KY,37.4156,-83.9961
Hopkins,KY,37.3381,-87.5846
Hickman,KY,36.6502,-88.9928
Henry,KY,38.4671,-85.1459
Henderson,KY,37.8072,-87.5774
Hart,KY,37.2995,-85.9087
Harrison,KY,38.4301,-84.3284
Harlan,KY,36.844,-83.2797
Hardin,KY,37.726,-85.94
Hancock,KY,37.8268,-86.7573
Greenup,KY,38.5657,-82.9522
Green,KY,37.2912,-85.5544
Grayson,KY,37.4721,-86.3497
Graves,KY,36.7244,-88.6522
Grant,KY,38.6403,-84.6381
Garrard,KY,37.6516,-84.55
Gallatin,KY,38.7594,-84.9018
Fulton,KY,36.5746,-89.0626
Franklin,KY,38.2397,-84.8667
Floyd,KY,37.5213,-82.7592
Fleming,KY,38.3482,-83.6784
Fayette,KY,38.0282,-84.4715
Estill,KY,37.6982,-83.9308
Elliott,KY,38.1318,-83.0627
Edmonson,KY,37.2033,-86.233
Daviess,KY,37.7459,-87.0688
Cumberland,KY,36.7784,-85.408
Crittenden,KY,37.3369,-88.0854
Clinton,KY,36.7537,-85.1245
Clay,KY,37.1482,-83.7483
Clark,KY,37.9696,-84.156
Christian,KY,36.9104,-87.4781
Casey,KY,37.3273,-84.9335
Carter,KY,38.3367,-83.0088
Carroll,KY,38.6688,-85.1085
Carlisle,KY,36.8632,-88.9716
Campbell,KY,38.962,-84.3659
Calloway,KY,36.6237,-88.2703
Caldwell,KY,37.1651,-87.8705
Butler,KY,37.1976,-86.6579
Bullitt,KY,37.9623,-85.7158
Breckinridge,KY,37.8123,-86.4205
Breathitt,KY,37.5153,-83.3353
Bracken,KY,38.7151,-84.0765
Boyle,KY,37.6248,-84.8608
Boyd,KY,38.3696,-82.6985
Bourbon,KY,38.2195,-84.2238
Boone,KY,38.9622,-84.721
Bell,KY,36.7691,-83.6441
Bath,KY,38.1478,-83.7763
Barren,KY,36.9559,-85.9523
Ballard,KY,37.0728,-89.0182
Anderson,KY,38.0072,-84.9809
Allen,KY,36.7821,-86.2158
Adair,KY,37.1179,-85.3011
Whitley,IN,41.1483,-85.5122
White,IN,40.7372,-86.9234
Wells,IN,40.7426,-85.2027
Wayne,IN,39.8599,-85.0169
Washington,IN,38.6055,-86.097
Warrick,IN,38.062,-87.2847
Warren,IN,40.3028,-87.3887
Wabash,IN,40.8493,-85.7919
Vigo,IN,39.435,-87.3855
Vermillion,IN,39.8784,-87.4557
Vanderburgh,IN,37.9993,-87.5741
Union,IN,39.6256,-84.925
Tipton,IN,40.3095,-86.0521
Tippecanoe,IN,40.3925,-86.8937
Switzerland,IN,38.8084,-85.0112
Sullivan,IN,39.0809,-87.4202
Steuben,IN,41.6431,-85.0003
Starke,IN,41.298,-86.6191
St. Joseph,IN,41.5981,-86.2736
Spencer,IN,37.9945,-87.0107
Shelby,IN,39.5242,-85.7912
Scott,IN,38.6962,-85.7482
Rush,IN,39.6214,-85.4664
Ripley,IN,39.112,-85.2718
Randolph,IN,40.1599,-85.0115
Putnam,IN,39.6666,-86.8498
Pulaski,IN,41.041,-86.6992
Posey,IN,38.0025,-87.8613
Porter,IN,41.4674,-87.0746
Pike,IN,38.3898,-87.2403
Perry,IN,38.0538,-86.6108
Parke,IN,39.7787,-87.1924
Owen,IN,39.3203,-86.8697
Orange,IN,38.5438,-86.4952
Ohio,IN,38.9655,-84.9412
Noble,IN,41.402,-85.4233
Newton,IN,40.9788,-87.4012
Morgan,IN,39.4884,-86.4692
Montgomery,IN,40.0431,-86.894
Monroe,IN,39.1741,-86.5267
Miami,IN,40.7805,-86.0549
Martin,IN,38.7056,-86.8034
Marshall,IN,41.3315,-86.2622
Marion,IN,39.7798,-86.1394
Madison,IN,40.1589,-85.7193
Lawrence,IN,38.8406,-86.48
Lake,IN,41.438,-87.3727
Lagrange,IN,41.6374,-85.426
La Porte,IN,41.506,-86.7274
Kosciusko,IN,41.2387,-85.8534
Knox,IN,38.662,-87.4295
Johnson,IN,39.4828,-86.1012
Jennings,IN,39.0071,-85.621
Jefferson,IN,38.7525,-85.4432
Jay,IN,40.4373,-85.0053
Jasper,IN,41.0105,-87.1034
Jackson,IN,38.8901,-86.0369
Huntington,IN,40.8297,-85.4885
Howard,IN,40.4698,-86.1192
Henry,IN,39.9332,-85.3884
Hendricks,IN,39.7622,-86.5068
Harrison,IN,38.1907,-86.1341
Hancock,IN,39.8222,-85.775
Hamilton,IN,40.0846,-86.0524
Greene,IN,39.0348,-86.9615
Grant,IN,40.5179,-85.655
Gibson,IN,38.3499,-87.5678
Fulton,IN,41.041,-86.2066
Franklin,IN,39.3971,-85.0571
Fountain,IN,40.1604,-87.2644
Floyd,IN,38.2987,-85.8932
Fayette,IN,39.6562,-85.1677
Elkhart,IN,41.5984,-85.8585
Dubois,IN,38.3651,-86.8769
Delaware,IN,40.2284,-85.3965
Decatur,IN,39.2866,-85.4915
Dearborn,IN,39.1215,-84.9602
De Kalb,IN,41.4015,-84.9986
Daviess,IN,38.6977,-87.0972
Crawford,IN,38.2644,-86.4229
Clinton,IN,40.3086,-86.4691
Clay,IN,39.3825,-87.091
Clark,IN,38.4373,-85.8012
Cass,IN,40.7369,-86.3737
Carroll,IN,40.5879,-86.5729
Brown,IN,39.1969,-86.2264
Boone,IN,40.0509,-86.4686
Blackford,IN,40.4729,-85.3261
Bartholomew,IN,39.1949,-85.8843
Allen,IN,41.0968,-85.0703
Adams,IN,40.7462,-84.9366
Woodford,IL,40.7626,-89.2427
Winnebago,IL,42.3251,-89.1691
Williamson,IL,37.7281,-88.9297
Will,IL,41.4662,-87.8889
Whiteside,IL,41.7565,-89.9385
White,IL,38.0724,-88.1691
Wayne,IL,38.4333,-88.4237
Washington,IL,38.3664,-89.4248
Warren,IL,40.8489,-90.6152
Wabash,IL,38.4039,-87.8596
Vermilion,IL,40.1783,-87.7363
Union,IL,37.4654,-89.2571
Tazewell,IL,40.5355,-89.5459
Stephenson,IL,42.3498,-89.6607
Stark,IL,41.0982,-89.8116
St. Clair,IL,38.439,-89.9328
Shelby,IL,39.4274,-88.7479
Scott,IL,39.655,-90.4782
Schuyler,IL,40.1317,-90.6279
Sangamon,IL,39.7498,-89.7053
Saline,IL,37.754,-88.5405
Rock Island,IL,41.5548,-90.3036
Richland,IL,38.7098,-88.0966
Randolph,IL,38.0133,-89.8253
Putnam,IL,41.2193,-89.3147
Pulaski,IL,37.2017,-89.1515
Pope,IL,37.3341,-88.5987
Pike,IL,39.6204,-90.9168
Piatt,IL,40.0383,-88.6044
Perry,IL,38.0848,-89.356
Peoria,IL,40.7421,-89.7691
Ogle,IL,42.046,-89.3137
Moultrie,IL,39.6126,-88.6408
Morgan,IL,39.7065,-90.1763
Montgomery,IL,39.2602,-89.4209
Monroe,IL,38.3052,-90.1415
Mercer,IL,41.1981,-90.7508
Menard,IL,40.027,-89.787
McLean,IL,40.5209,-88.8633
McHenry,IL,42.3249,-88.4523
McDonough,IL,40.4649,-90.6775
Massac,IL,37.2023,-88.6978
Mason,IL,40.2453,-89.8583
Marshall,IL,41.0318,-89.3429
Marion,IL,38.6548,-88.9187
Madison,IL,38.8281,-89.8552
Macoupin,IL,39.2597,-89.9251
Macon,IL,39.8618,-88.9818
Logan,IL,40.1187,-89.3736
Livingston,IL,40.8666,-88.5871
Lee,IL,41.7519,-89.2867
Lawrence,IL,38.709,-87.7143
Lake,IL,42.3243,-88.0155
La Salle,IL,41.2787,-88.8759
Knox,IL,40.9298,-90.2134
Kendall,IL,41.5904,-88.4291
Kankakee,IL,41.1487,-87.8846
Kane,IL,41.9379,-88.4322
Johnson,IL,37.4479,-88.8773
Jo Daviess,IL,42.3507,-90.1821
Jersey,IL,39.094,-90.3706
Jefferson,IL,38.3005,-88.9236
Jasper,IL,39.0124,-88.1545
Jackson,IL,37.759,-89.4099
Iroquois,IL,40.7483,-87.8255
Henry,IL,41.3661,-90.1453
Henderson,IL,40.8522,-90.9209
Hardin,IL,37.5013,-88.2378
Hancock,IL,40.4172,-91.1408
Hamilton,IL,38.0852,-88.5391
Grundy,IL,41.2873,-88.4183
Greene,IL,39.322,-90.3808
Gallatin,IL,37.7452,-88.2157
Fulton,IL,40.4504,-90.1768
Franklin,IL,37.9944,-88.9238
Fayette,IL,38.98,-89.0318
Effingham,IL,39.0658,-88.5834
Edwards,IL,38.4138,-88.0564
Edgar,IL,39.6827,-87.7497
DuPage,IL,41.8389,-88.091
Douglas,IL,39.7637,-88.2205
DeKalb,IL,41.8825,-88.7714
De Witt,IL,40.1762,-88.9037
Cumberland,IL,39.2765,-88.2406
Crawford,IL,39.016,-87.7586
Cook,IL,41.8129,-87.7536
Coles,IL,39.5297,-88.2167
Clinton,IL,38.5805,-89.4237
Clay,IL,38.7567,-88.4773
Clark,IL,39.323,-87.8036
Christian,IL,39.5865,-89.2797
Champaign,IL,40.1363,-88.2017
Cass,IL,39.9992,-90.2462
Carroll,IL,42.0636,-89.9257
Calhoun,IL,39.1343,-90.6554
Bureau,IL,41.3661,-89.5108
Brown,IL,39.973,-90.7126
Boone,IL,42.3251,-88.823
Bond,IL,38.8833,-89.4467
Alexander,IL,37.1528,-89.3477
Adams,IL,39.9788,-91.1866
Worth,GA,31.5845,-83.8333
Wilkinson,GA,32.7966,-83.1537
Wilkes,GA,33.7943,-82.7783
Wilcox,GA,31.989,-83.45
Whitfield,GA,34.802,-84.9888
White,GA,34.6527,-83.7674
Wheeler,GA,32.1146,-82.7647
Webster,GA,32.0757,-84.538
Wayne,GA,31.5786,-81.9153
Washington,GA,32.9975,-82.7988
Warren,GA,33.4325,-82.7019
Ware,GA,31.0216,-82.3674
Walton,GA,33.7621,-83.7467
Walker,GA,34.7861,-85.3261
Upson,GA,32.847,-84.2938
Union,GA,34.8145,-83.9604
Twiggs,GA,32.6753,-83.4428
Turner,GA,31.7095,-83.6251
Troup,GA,33.0462,-85.0417
Treutlen,GA,32.4032,-82.5473
Towns,GA,34.8916,-83.7245
Toombs,GA,32.1275,-82.3265
Tift,GA,31.4588,-83.5179
Thomas,GA,30.8684,-83.9073
Terrell,GA,31.7942,-84.4316
Telfair,GA,31.9642,-82.9136
Taylor,GA,32.56,-84.2449
Tattnall,GA,32.0537,-82.0532
Taliaferro,GA,33.5857,-82.857
Talbot,GA,32.7045,-84.519
Sumter,GA,32.0502,-84.2061
Stewart,GA,32.0762,-84.8492
Stephens,GA,34.5742,-83.2794
Spalding,GA,33.2657,-84.27
Seminole,GA,30.8925,-84.8506
Screven,GA,32.7678,-81.6249
Schley,GA,32.2933,-84.3163
Rockdale,GA,33.6557,-84.012
Richmond,GA,33.3856,-82.0915
Randolph,GA,31.7744,-84.7808
Rabun,GA,34.8585,-83.4531
Quitman,GA,31.8817,-85.0187
Putnam,GA,33.3256,-83.3438
Pulaski,GA,32.2541,-83.4876
Polk,GA,33.9981,-85.1824
Pike,GA,33.0887,-84.3827
Pierce,GA,31.3665,-82.2213
Pickens,GA,34.4696,-84.4869
Peach,GA,32.5654,-83.8325
Paulding,GA,33.9259,-84.8869
Oglethorpe,GA,33.8688,-83.0903
Oconee,GA,33.832,-83.416
Newton,GA,33.5555,-83.8413
Muscogee,GA,32.4916,-84.8638
Murray,GA,34.786,-84.7429
Morgan,GA,33.6264,-83.5086
Montgomery,GA,32.1518,-82.5334
Monroe,GA,33.0262,-83.8828
Mitchell,GA,31.2606,-84.1797
Miller,GA,31.1629,-84.7302
Meriwether,GA,33.039,-84.6999
McIntosh,GA,31.4956,-81.4702
McDuffie,GA,33.4859,-82.496
Marion,GA,32.3437,-84.5242
Madison,GA,34.1361,-83.2063
Macon,GA,32.3532,-84.0509
Lumpkin,GA,34.5765,-84.0269
Lowndes,GA,30.8282,-83.2435
Long,GA,31.7775,-81.797
Lincoln,GA,33.8109,-82.4499
Liberty,GA,31.8255,-81.5252
Lee,GA,31.7691,-84.1367
Laurens,GA,32.4323,-82.9229
Lanier,GA,31.0139,-83.0752
Lamar,GA,33.0706,-84.1453
Jones,GA,33.0137,-83.5574
Johnson,GA,32.6656,-82.6422
Jenkins,GA,32.7878,-81.9779
Jefferson,GA,33.0376,-82.4451
Jeff Davis,GA,31.8214,-82.666
Jasper,GA,33.3294,-83.6903
Jackson,GA,34.1326,-83.5846
Irwin,GA,31.6216,-83.2681
Houston,GA,32.4877,-83.6449
Henry,GA,33.4724,-84.1195
Heard,GA,33.2797,-85.1124
Hart,GA,34.3518,-82.9594
Harris,GA,32.7279,-84.8993
Haralson,GA,33.7836,-85.2066
Hancock,GA,33.2596,-82.9988
Hall,GA,34.3063,-83.7851
Habersham,GA,34.6308,-83.5159
Gwinnett,GA,33.9601,-84.0453
Greene,GA,33.5582,-83.1539
Grady,GA,30.8775,-84.2288
Gordon,GA,34.5244,-84.8721
Glynn,GA,31.2334,-81.5432
Glascock,GA,33.2234,-82.6236
Gilmer,GA,34.7061,-84.4542
Fulton,GA,33.845,-84.4039
Franklin,GA,34.3836,-83.2429
Forsyth,GA,34.193,-84.1509
Floyd,GA,34.335,-85.194
Fayette,GA,33.4038,-84.5001
Fannin,GA,34.7944,-84.1995
Evans,GA,32.1637,-81.8891
Emanuel,GA,32.5672,-82.3078
Elbert,GA,34.1232,-82.8596
Effingham,GA,32.346,-81.3226
Echols,GA,30.732,-82.9459
Early,GA,31.2959,-84.8656
Douglas,GA,33.69,-84.7665
Dougherty,GA,31.5429,-84.2219
Dooly,GA,32.1604,-83.8203
Dodge,GA,32.1735,-83.1512
DeKalb,GA,33.7931,-84.22
Decatur,GA,30.8823,-84.5722
Dawson,GA,34.4804,-84.2231
Dade,GA,34.8062,-85.5116
Crisp,GA,31.9167,-83.7665
Crawford,GA,32.6937,-83.9622
Coweta,GA,33.3514,-84.7798
Cook,GA,31.1889,-83.4296
Columbia,GA,33.5274,-82.2215
Colquitt,GA,31.1805,-83.77
Coffee,GA,31.5867,-82.8437
Cobb,GA,33.9125,-84.585
Clinch,GA,30.8844,-82.7311
Clayton,GA,33.5008,-84.352
Clay,GA,31.6344,-85.0101
Clarke,GA,33.9437,-83.3976
Cherokee,GA,34.2442,-84.4561
Chattooga,GA,34.4379,-85.337
Chattahoochee,GA,32.378,-84.8
Chatham,GA,32.0419,-81.1414
Charlton,GA,30.7162,-82.1044
Catoosa,GA,34.8771,-85.1438
Carroll,GA,33.6142,-85.1175
Candler,GA,32.4128,-82.0614
Camden,GA,30.9392,-81.677
Calhoun,GA,31.5358,-84.6324
Butts,GA,33.3124,-83.948
Burke,GA,33.0511,-81.9246
Bulloch,GA,32.4037,-81.7281
Bryan,GA,31.9846,-81.4508
Brooks,GA,30.8589,-83.5455
Brantley,GA,31.1925,-82.0272
Bleckley,GA,32.4283,-83.345
Bibb,GA,32.8066,-83.6856
Berrien,GA,31.251,-83.1933
Ben Hill,GA,31.7537,-83.1608
Bartow,GA,34.2431,-84.8388
Barrow,GA,34.0119,-83.7101
Banks,GA,34.3445,-83.5214
Baldwin,GA,33.0582,-83.2522
Baker,GA,31.2669,-84.4974
Bacon,GA,31.5642,-82.446
Atkinson,GA,31.302,-82.8413
Appling,GA,31.7234,-82.3271
Yell,AR,35.0309,-93.4052
Woodruff,AR,35.1797,-91.2326
White,AR,35.2732,-91.7628
Washington,AR,35.9952,-94.2401
Van Buren,AR,35.5767,-92.5285
Union,AR,33.1979,-92.5813
Stone,AR,35.9192,-92.2199
St. Francis,AR,35.0082,-90.7238
Sharp,AR,36.1977,-91.5126
Sevier,AR,33.9723,-94.2701
Sebastian,AR,35.1908,-94.2342
Searcy,AR,35.9134,-92.6797
Scott,AR,34.8835,-94.0785
Saline,AR,34.6353,-92.6621
Randolph,AR,36.3067,-91.005
Pulaski,AR,34.7548,-92.3139
Prairie,AR,34.7916,-91.5346
Pope,AR,35.4305,-93.0741
Polk,AR,34.4578,-94.1985
Poinsett,AR,35.5727,-90.6628
Pike,AR,34.1469,-93.6329
Phillips,AR,34.3824,-90.8232
Perry,AR,34.9429,-92.881
Ouachita,AR,33.5896,-92.9107
Newton,AR,35.9251,-93.2148
Nevada,AR,33.7056,-93.2912
Montgomery,AR,34.5437,-93.6686
Monroe,AR,34.6711,-91.2128
Mississippi,AR,35.6977,-90.1216
Miller,AR,33.3159,-93.8695
Marion,AR,36.2812,-92.7095
Madison,AR,36.0208,-93.6975
Lonoke,AR,34.7777,-91.8876
Logan,AR,35.2226,-93.6541
Little River,AR,33.7397,-94.2264
Lincoln,AR,33.9818,-91.7095
Lee,AR,34.7694,-90.823
Lawrence,AR,36.0701,-91.0867
Lafayette,AR,33.2538,-93.5929
Johnson,AR,35.5483,-93.4628
Jefferson,AR,34.2766,-91.9612
Jackson,AR,35.6224,-91.2038
Izard,AR,36.0656,-91.8977
Independence,AR,35.735,-91.5822
Howard,AR,34.0525,-93.9546
Hot Spring,AR,34.3241,-93.0135
Hempstead,AR,33.7433,-93.7147
Greene,AR,36.1166,-90.5266
Grant,AR,34.2718,-92.4422
Garland,AR,34.5809,-93.1061
Fulton,AR,36.3698,-91.8038
Franklin,AR,35.4872,-93.8748
Faulkner,AR,35.1076,-92.3337
Drew,AR,33.5851,-91.7146
Desha,AR,33.8197,-91.3035
Dallas,AR,33.976,-92.7174
Cross,AR,35.3175,-90.7719
Crittenden,AR,35.1383,-90.2329
Crawford,AR,35.5652,-94.242
Craighead,AR,35.8474,-90.6602
Conway,AR,35.2674,-92.6763
Columbia,AR,33.2362,-93.2328
Cleveland,AR,33.8844,-92.184
Cleburne,AR,35.536,-92.0212
Clay,AR,36.3498,-90.4135
Clark,AR,34.056,-93.1614
Chicot,AR,33.2843,-91.295
Carroll,AR,36.3108,-93.5564
Calhoun,AR,33.5364,-92.5485
Bradley,AR,33.4342,-92.1667
Boone,AR,36.303,-93.0935
Benton,AR,36.2992,-94.2275
Baxter,AR,36.233,-92.3172
Ashley,AR,33.2027,-91.7957
Arkansas,AR,34.2533,-91.3876
Winston,AL,34.151,-87.3736
Wilcox,AL,32.0483,-87.4009
Washington,AL,31.4071,-88.1879
Walker,AL,33.7599,-87.2766
Tuscaloosa,AL,33.3076,-87.5001
Tallapoosa,AL,32.8004,-85.7978
Talladega,AL,33.402,-86.1457
Sumter,AL,32.6525,-88.2171
St. Clair,AL,33.6907,-86.3647
Shelby,AL,33.2829,-86.6796
Russell,AL,32.2863,-85.1791
Randolph,AL,33.3006,-85.4599
Pike,AL,31.8394,-85.9279
Pickens,AL,33.2663,-88.0727
Perry,AL,32.5916,-87.2881
Morgan,AL,34.4947,-86.834
Montgomery,AL,32.2329,-86.2039
Monroe,AL,31.5303,-87.3817
Mobile,AL,30.7466,-88.2172
Marshall,AL,34.3531,-86.3454
Marion,AL,34.1214,-87.918
Marengo,AL,32.269,-87.7608
Madison,AL,34.7333,-86.5722
Macon,AL,32.4142,-85.7275
Lowndes,AL,32.1852,-86.6581
Limestone,AL,34.7752,-87.0313
Lee,AL,32.5787,-85.3621
Lawrence,AL,34.5516,-87.3181
Lauderdale,AL,34.87,-87.5844
Lamar,AL,33.7932,-88.0966
Jefferson,AL,33.5455,-86.8602
Jackson,AL,34.7224,-86.0339
Houston,AL,31.1562,-85.2809
Henry,AL,31.5417,-85.2284
Hale,AL,32.7441,-87.6382
Greene,AL,32.8362,-88.0005
Geneva,AL,31.0954,-85.839
Franklin,AL,34.4509,-87.844
Fayette,AL,33.7201,-87.7385
Etowah,AL,34.0211,-86.0433
Escambia,AL,31.1268,-87.158
Elmore,AL,32.5877,-86.1519
DeKalb,AL,34.5306,-85.7226
Dallas,AL,32.3888,-87.1278
Dale,AL,31.4079,-85.6038
Cullman,AL,34.0862,-86.9042
Crenshaw,AL,31.7415,-86.2967
Covington,AL,31.2565,-86.4472
Coosa,AL,32.9278,-86.2616
Conecuh,AL,31.4682,-86.9508
Colbert,AL,34.7368,-87.5953
Coffee,AL,31.399,-85.993
Cleburne,AL,33.7164,-85.4945
Clay,AL,33.2947,-85.8155
Clarke,AL,31.5888,-87.8145
Choctaw,AL,32.0048,-88.286
Chilton,AL,32.8658,-86.665
Cherokee,AL,34.2345,-85.6478
Chambers,AL,32.9225,-85.3942
Calhoun,AL,33.7625,-85.8417
Butler,AL,31.7404,-86.6759
Bullock,AL,32.0945,-85.7131
Blount,AL,34.0126,-86.5339
Bibb,AL,33.0388,-87.0967
Barbour,AL,31.8832,-85.3931
Baldwin,AL,30.7725,-87.7842
Autauga,AL,32.5081,-86.6513
